{
  "methodA_lithology": {
    "r": 0.5489011965216757,
    "beta": 1.1925551719653082,
    "best": "GOE",
    "ci": [
      0.4542602839884294,
      0.6159030524449196
    ],
    "n_cycles": 47
  },
  "methodB_peaks": {
    "r": 0.7321512209708102,
    "beta": 3,
    "best": "GUE",
    "ci": [
      0.6920857746480362,
      0.7725460481562109
    ]
  },
  "surrogate_pval": 0.0,
  "surrogate_mean": 0.3887476973021935
}
